ID,exerciseName,targetedMuscle,Dynamic stabilizer,Mechanics,Force,generalMuscle,isNeedEquipment,bench,Dumbbell,barbell,stability ball,dip machine,pull-up bar,cable machine,Lower Pectoralis Major,Upper Pectoralis Major,Anterior Deltoid,Triceps Brachii,Tensor Fasciae Latae, Sartorius, Pectineus, Adductor Longus, Adductor Brevis, Rectus Abdominis,Iliopsoas, Rectus Femoris, Quadriceps, Serratus Anterior , Latissimus Dorsi, Pectoralis Minor, Rhomboids, Levator Scapulae, Teres Major,Biceps Brachii, Brachialis, Brachioradialis, Internal and External Obliques, Rectus Abdominis,Infraspinatus, Teres Minor, Lateral Deltoid, Middle and Lower Trapezius,Hamstrings,Adductor Magnus,Gracilis,Obliques, Gluteus Maximus,Supraspinatus,Posterior Deltoid,Pectoralis Major,Quadratus Lumborum,Psoas Major,Iliocastalis Lumborum,Iliocastalis Thoracis,Soleus,Gastrocnemius,Popliteus,Gluteus Medius,Gluteus Minimus,Flexor Carpi Radialis,Anconeus
1,Diamond-push-up,Triceps-Brachii,Biceps-Brachii-(short-head),Compound,Push,chest,0,0,0,0,0,0,0,0,1,1,1,0,0,0,0,0,0,0,0,0,0,0,0,0,0,0,0,0,0,0,0,0,0,0,0,0,0,0,0,0,0,0,0,0,0,0,0,0,0,0,0,0,0,0,0
2,Diamond-push-up-on-knees,Triceps-Brachii,Biceps-Brachii-(short-head),Compound,Push,chest,0,0,0,0,0,0,0,0,1,1,1,0,0,0,0,0,0,0,0,0,0,0,0,0,0,0,0,0,0,0,0,0,0,0,0,0,0,0,0,0,0,0,0,0,0,0,0,0,0,0,0,0,0,0,0
3,Push-up,Sternal-(Lower)-Pectoralis-Major,Biceps-Brachii-(short-head),Compound,Push,chest,0,0,0,0,0,0,0,0,0,1,1,1,0,0,0,0,0,0,0,0,0,0,0,0,0,0,0,0,0,0,0,0,0,0,0,0,0,0,0,0,0,0,0,0,0,0,0,0,0,0,0,0,0,0,0
4,Weighted-push-up,Sternal-(Lower)-Pectoralis-Major,Biceps-Brachii-(short-head),Compound,Push,chest,1,0,1,0,0,0,0,0,0,1,1,1,0,0,0,0,0,0,0,0,0,0,0,0,0,0,0,0,0,0,0,0,0,0,0,0,0,0,0,0,0,0,0,0,0,0,0,0,0,0,0,0,0,0,0
5,Knee-push-up,Lower-Pectoralis-Major,Biceps-Brachii-(short-head),Compound,Push,chest,0,0,0,0,0,0,0,0,0,1,1,1,0,0,0,0,0,0,0,0,0,0,0,0,0,0,0,0,0,0,0,0,0,0,0,0,0,0,0,0,0,0,0,0,0,0,0,0,0,0,0,0,0,0,0
6,Decline-push-up,Clavicular-(Upper)-Pectoralis-Major,Biceps-Brachii-(short-head),Compound,Push,chest,1,1,0,0,0,0,0,0,1,0,1,1,0,0,0,0,0,0,0,0,0,0,0,0,0,0,0,0,0,0,0,0,0,0,0,0,0,0,0,0,0,0,0,0,0,0,0,0,0,0,0,0,0,0,0
7,Dumbbell-bench-press,Pectoralis-Major,null,Compound,Push,chest,1,1,1,0,0,0,0,0,0,0,1,1,0,0,0,0,0,0,0,0,0,0,0,0,0,0,0,0,0,0,0,0,0,0,0,0,0,0,0,0,0,0,0,0,0,0,0,0,0,0,0,0,0,0,0
8,Barbell-bench-press,Sternal-(Lower)-Pectoralis-Major,null,Compound,Push,chest,1,1,0,1,0,0,0,0,0,1,1,1,0,0,0,0,0,0,0,0,0,0,0,0,0,0,0,0,0,0,0,0,0,0,0,0,0,0,0,0,0,0,0,0,0,0,0,0,0,0,0,0,0,0,0
9,Stability-ball-decline-push-up,Clavicular-(Upper)-Pectoralis-Major,Biceps-Brachii-(short-head),Compound,Push,chest,1,0,0,0,1,0,0,0,1,0,1,1,0,0,0,0,0,0,0,0,0,0,0,0,0,0,0,0,0,0,0,0,0,0,0,0,0,0,0,0,0,0,0,0,0,0,0,0,0,0,0,0,0,0,0
10,Stability-ball-jackknife,Iliopsoas,"Hamstrings,-Rectus-Femoris",Compound,Push,core,1,0,0,0,1,0,0,0,0,0,0,0,1,1,1,1,1,1,0,0,0,0,0,0,0,0,0,0,0,0,0,0,0,0,0,0,0,0,1,1,1,0,0,0,0,0,0,0,0,0,0,0,0,0,0
11,Jackknife-sit-up,Rectus-Abdominis,Rectus-Femoris,Compound,Pull,core,0,0,0,0,0,0,0,0,0,0,0,0,1,1,1,1,1,0,1,0,0,0,0,0,0,0,0,0,0,0,0,0,0,0,0,0,0,0,0,1,0,0,0,0,0,0,0,0,0,0,0,0,0,0,0
12,Sit-up,Rectus-Abdominis,null,Compound,Pull,core,0,0,0,0,0,0,0,0,0,0,0,0,1,1,0,0,0,0,1,1,0,0,0,0,0,0,0,0,0,0,0,0,0,0,0,0,0,0,0,1,0,0,0,0,0,0,0,0,0,0,0,0,0,0,0
13,Decline-sit-up,Rectus-Abdominis,null,Compound,Pull,core,1,1,0,0,0,0,0,0,0,0,0,0,1,1,1,1,1,0,1,1,0,0,0,0,0,0,0,0,0,0,0,0,0,0,0,0,0,0,0,1,0,0,0,0,0,0,0,0,0,0,0,0,0,0,0
14,Front-plank,Rectus-Abdominis,null,Compound,Pull,core,0,0,0,0,0,0,0,0,1,0,0,0,1,1,0,0,0,0,1,0,1,1,0,0,0,0,0,0,0,0,0,0,0,0,0,0,0,0,0,1,0,0,0,0,0,0,0,0,0,0,0,0,0,0,0
15,Weighted-front-plank,Rectus-Abdominis,null,Isolation,Push,core,1,0,1,0,0,0,0,0,1,1,0,0,1,1,0,0,0,0,1,0,1,1,0,0,0,0,0,0,0,0,0,0,0,0,0,0,0,0,0,1,0,0,0,0,0,0,0,0,0,0,0,0,0,0,0
16,Crunch,Rectus-Abdominis,null,Isolation,Push,core,0,0,0,0,0,0,0,0,0,0,0,0,0,0,0,0,0,0,0,0,0,0,0,0,0,0,0,0,0,0,0,0,0,0,0,0,0,0,0,1,0,0,0,0,0,0,0,0,0,0,0,0,0,0,0
17,Reverse-crunch,Rectus-Abdominis,null,Isolation,Pull,core,0,0,0,0,0,0,0,0,0,0,0,0,0,0,0,0,0,0,1,0,0,0,0,0,0,0,0,0,0,0,0,0,0,0,0,0,0,0,0,1,0,0,0,0,0,0,0,0,0,0,0,0,0,0,0
18,Vertical-leg-crunch,Rectus-Abdominis,null,Isolation,Pull,core,0,0,0,0,0,0,0,0,0,0,0,0,0,0,0,0,0,0,0,0,0,0,0,0,0,0,0,0,0,1,0,0,0,0,0,0,0,0,0,0,0,0,0,0,0,0,0,0,0,0,0,0,0,0,0
19,Flat-bench-hyperextension,Erector-Spinae,null,Compound,Pull,core,1,1,0,0,0,0,0,0,0,0,0,0,0,0,0,0,0,0,0,0,0,0,0,0,0,0,0,0,0,0,0,0,0,0,0,0,1,1,0,0,1,0,0,0,0,0,0,0,0,0,0,0,0,0,0
20,High-bird-dog-plank,"rector-Spinae,-Internal-and-External-Obliques,-Rectus-Abdominis",null,Compound,Pull,core,0,0,0,0,0,0,0,0,0,0,1,0,0,0,0,0,0,0,0,0,0,0,0,0,0,0,0,0,0,0,0,0,0,0,1,1,1,0,0,0,1,0,0,0,0,0,0,0,0,0,0,0,0,0,0
21,V-up,Rectus-Abdominis,null,Compound,Pull,core,0,0,0,0,0,0,0,0,0,0,0,0,1,1,1,1,1,0,1,0,0,0,0,0,0,0,0,0,0,0,0,0,0,0,0,0,0,0,0,1,0,0,0,0,0,0,0,0,0,0,0,0,0,0,0
22,Standing-two-Arm-dumbbell-kickback,Triceps-Brachii,null,Isolation,Push,Arm,1,0,1,0,0,0,0,0,0,0,0,0,0,0,0,0,0,0,0,0,0,0,0,0,0,0,0,0,0,0,0,0,0,0,0,0,0,0,0,0,0,0,0,0,0,0,0,0,0,0,0,0,0,0,0
23,Machine-triceps-dip,Triceps-Brachii,null,Compound,Push,Arm,1,0,0,0,0,1,0,0,1,1,1,0,0,0,0,0,0,0,0,0,0,0,1,1,1,1,0,0,0,0,0,0,0,0,0,0,0,0,0,0,0,0,0,0,0,0,0,0,0,0,0,0,0,0,0
24,Chest-dip,Lower-Pectoralis-Major,null,Compound,Push,Arm,1,0,0,0,0,1,0,0,0,1,1,1,0,0,0,0,0,0,0,0,0,0,1,1,1,1,1,0,0,0,0,0,0,0,0,0,0,0,0,0,0,0,0,0,0,0,0,0,0,0,0,0,0,0,0
25,Machine-assisted-chest-dip,Lower-Pectoralis-Major,null,Compound,Push,Arm,1,0,0,0,0,1,0,0,0,1,1,1,0,0,0,0,0,0,0,0,0,0,1,1,1,1,1,0,0,0,0,0,0,0,0,0,0,0,0,0,0,0,0,0,0,0,0,0,0,0,0,0,0,0,0
26,Cable-reverse-wrist-curl,Wrist-Extensors,null,Isolation,Pull,Arm,1,0,0,0,0,0,0,1,0,0,0,0,0,0,0,0,0,0,0,0,0,0,0,0,0,0,0,0,0,0,0,0,0,0,0,0,0,0,0,0,0,0,0,0,0,0,0,0,0,0,0,0,0,0,0
27,Barbell-reverse-wrist-curl-over-bench,Wrist-Extensors,null,Isolation,Pull,Arm,1,0,0,1,0,0,0,0,0,0,0,0,0,0,0,0,0,0,0,0,0,0,0,0,0,0,0,0,0,0,0,0,0,0,0,0,0,0,0,0,0,0,0,0,0,0,0,0,0,0,0,0,0,0,0
28,Cable-reverse-preacher-curl,Brachioradialis,null,Isolation,Pull,Arm,1,0,0,0,0,0,0,1,0,0,0,0,0,0,0,0,0,0,0,0,0,0,0,0,0,0,0,1,1,0,0,0,0,0,0,0,0,0,0,0,0,0,0,0,0,0,0,0,0,0,0,0,0,0,0
29,Dumbbell-one-Arm-reverse-preacher-curl,Brachioradialis,null,Isolation,Pull,Arm,1,0,1,0,0,0,0,0,0,0,0,0,0,0,0,0,0,0,0,0,0,0,0,0,0,0,0,1,1,0,0,0,0,0,0,0,0,0,0,0,0,0,0,0,0,0,0,0,0,0,0,0,0,0,0
30,Close-grip-EZ-bar-curl,Biceps-Brachii,null,Isolation,Pull,Arm,1,0,0,0,0,0,0,1,0,0,0,0,0,0,0,0,0,0,0,0,0,0,0,0,0,0,0,0,1,1,0,0,0,0,0,0,0,0,0,0,0,0,0,0,0,0,0,0,0,0,0,0,0,0,0
31,Lying-high-cable-curl,Brachialis,null,Isolation,Pull,Arm,1,0,0,0,0,0,0,1,0,0,0,0,0,0,0,0,0,0,0,0,0,0,0,0,0,0,0,1,0,1,0,0,0,0,0,0,0,0,0,0,0,0,0,0,0,0,0,0,0,0,0,0,0,0,0
32,Biceps-leg-curl,Brachialis,null,Isolation,Pull,Arm,0,0,0,0,0,0,0,0,0,0,0,0,0,0,0,0,0,0,0,0,0,0,0,0,0,0,0,1,0,1,0,0,0,0,0,0,0,0,0,0,0,0,0,0,0,0,0,0,0,0,0,0,0,0,0
33,Side-lying-biceps-bodyweight-curl,Biceps-Brachii,null,Compound,Pull,Arm,0,0,0,0,0,0,0,0,0,0,0,0,0,0,0,0,0,1,0,0,0,0,0,0,0,0,0,0,1,1,1,0,0,0,0,0,0,0,0,0,0,0,0,0,0,0,0,0,0,0,0,0,0,0,0
34,Kneeling-bodyweight-triceps-extension,Triceps-Brachii,Biceps-Brachii,Isolation,Push,Arm,0,0,0,0,0,0,0,0,1,1,1,0,0,0,0,0,0,0,0,0,0,0,0,0,0,0,0,0,0,0,0,0,0,0,0,0,0,0,0,0,0,0,0,0,0,0,0,0,0,0,0,0,0,0,0
35,Barbell-skull-crusher,Triceps-Brachii,null,Isolation,Pull,Arm,1,0,0,0,0,0,0,0,0,0,0,0,0,0,0,0,0,0,0,0,0,0,0,0,0,0,0,0,0,0,0,0,0,0,0,0,0,0,0,0,0,0,0,0,0,0,0,0,0,0,0,0,0,0,0
36,Barbell-rear-delt-row,Posterior-Deltoid,Biceps-Brachii,Compound,Pull,Shoulders,1,0,0,1,0,0,0,0,0,0,0,0,0,0,0,0,0,0,0,0,0,0,0,0,1,0,0,0,1,1,0,0,1,1,1,1,0,0,0,0,0,0,0,0,0,0,0,0,0,0,0,0,0,0,0
37,Cable-face-pull,Posterior-Deltoid,null,Compound,Pull,Shoulders,1,0,1,0,0,0,0,1,0,0,0,0,0,0,0,0,0,0,0,0,0,0,0,0,0,0,0,0,1,1,0,0,1,1,1,1,0,0,0,0,0,0,0,0,0,0,0,0,0,0,0,0,0,0,0
38,Plate-front-raise,Anterior-Deltoid,null,Isolation,Push,Shoulders,1,0,1,0,0,0,0,0,0,1,0,0,0,0,0,0,0,0,0,0,0,1,0,0,0,0,0,0,0,0,0,0,0,0,1,1,0,0,0,0,0,0,0,0,0,0,0,0,0,0,0,0,0,0,0
39,Seated-dumbbell-front-raise,Anterior-Deltoid,null,Isolation,Push,Shoulders,1,0,1,0,0,0,0,0,0,1,0,0,0,0,0,0,0,0,0,0,0,1,0,0,0,0,0,0,0,0,0,0,0,0,1,1,0,0,0,0,0,0,0,0,0,0,0,0,0,0,0,0,0,0,0
40,Dumbbell-w-press,Anterior-Deltoid,null,Isolation,Push,Shoulders,1,0,1,0,0,0,0,0,0,1,0,0,0,0,0,0,0,0,0,0,0,1,0,0,0,0,0,0,0,0,0,0,0,0,1,1,0,0,0,0,0,1,0,0,0,0,0,0,0,0,0,0,0,0,0
41,Bent-over-barbell-reverse-raise,Posterior-Deltoid,null,Isolation,Pull,Shoulders,1,0,0,1,0,0,0,0,1,0,0,1,0,0,0,0,0,0,0,0,0,0,1,0,0,0,1,0,0,0,0,0,0,0,0,0,0,0,0,0,0,0,0,0,0,0,0,0,0,0,0,0,0,0,0
42,Seated-alternating-dumbbell-front-raise,Anterior-Deltoid,null,Isolation,Push,Shoulders,1,0,1,0,0,0,0,0,0,1,0,0,0,0,0,0,0,0,0,0,0,1,0,0,0,0,0,0,0,0,0,0,0,0,1,1,0,0,0,0,0,0,0,0,0,0,0,0,0,0,0,0,0,0,0
43,Dumbbell-lying-external-shoulder-rotation,Infraspinatus,null,Isolation,Pull,Shoulders,1,0,1,0,0,0,0,0,0,0,0,0,0,0,0,0,0,0,0,0,0,0,0,0,0,0,0,0,0,0,0,0,0,1,0,0,0,0,0,0,0,0,1,0,0,0,0,0,0,0,0,0,0,0,0
44,Reverse-dumbbell-fly,Posterior-Deltoid,null,Isolation,Pull,Shoulders,1,0,1,0,0,0,0,0,0,0,0,0,0,0,0,0,0,0,0,0,0,0,0,0,1,0,0,0,0,0,0,0,1,1,1,1,0,0,0,0,0,0,0,0,0,0,0,0,0,0,0,0,0,0,0
45,Cable-one-Arm-front-raise,Anterior-Deltoid,null,Isolation,Push,Shoulders,1,0,0,0,0,0,0,1,0,1,0,0,0,0,0,0,0,0,0,0,0,1,0,0,0,0,0,0,0,0,0,0,0,0,1,1,0,0,0,0,0,0,0,0,0,0,0,0,0,0,0,0,0,0,0
46,Prone-incline-wide-grip-upright-row,Posterior-Deltoid,null,Compound,Pull,Shoulders,1,1,0,1,0,0,0,0,0,0,0,0,0,0,0,0,0,0,0,0,0,0,0,0,0,0,0,1,1,1,0,0,1,1,1,1,0,0,0,0,0,0,0,0,0,0,0,0,0,0,0,0,0,0,0
47,Head-supported-reverse-dumbbell-fly,Posterior-Deltoid,null,Isolation,Pull,Shoulders,1,1,1,0,0,0,0,0,0,0,0,0,0,0,0,0,0,0,0,0,0,0,0,0,1,0,0,0,0,0,0,0,1,1,1,1,0,0,0,0,0,0,0,0,0,0,0,0,0,0,0,0,0,0,0
48,Back-extension-on-stability-ball,Erector-Spinae,null,Isolation,Pull,Back,1,0,0,0,1,0,0,0,0,0,0,0,0,0,0,0,0,0,0,0,0,0,0,0,0,0,0,0,0,0,0,0,0,0,0,0,0,0,0,0,0,0,0,0,0,0,0,0,0,0,0,0,0,0,0
49,Dumbbell-renegade-row,back-in-general,"Biceps-Brachii,-Triceps-Brachii-(long-head)",Compound,Pull,Back,1,0,1,0,0,0,0,0,1,0,0,0,0,0,0,0,0,0,0,0,0,0,1,0,1,0,1,0,1,1,0,0,1,1,0,1,0,0,0,0,0,0,1,0,0,0,0,0,0,0,0,0,0,0,0
50,Side-lying-reverse-dumbbell-fly,Posterior-Deltoid,null,Isolation,Pull,Back,1,0,1,0,0,0,0,0,0,0,0,0,0,0,0,0,0,0,0,0,0,0,0,0,1,0,0,0,0,0,0,0,1,1,1,1,0,0,0,0,0,0,0,0,0,0,0,0,0,0,0,0,0,0,0
51,Straight-back-underhand-cable-row,back-in-general,"Biceps-Brachii,-Triceps-Brachii-(long-head)",Compound,Pull,Back,1,0,0,0,0,0,0,1,0,0,0,0,0,0,0,0,0,0,0,0,0,0,1,0,1,0,1,0,1,1,0,0,1,1,0,1,0,0,0,0,0,0,1,1,0,0,0,0,0,0,0,0,0,0,0
52,Dumbbell-wide-grip-upright-row,Lateral-Deltoid,null,Compound,Pull,Back,1,0,1,0,0,0,0,0,0,0,1,0,0,0,0,0,0,0,0,0,0,1,0,0,0,0,0,1,1,1,0,0,1,1,0,1,0,0,0,0,0,1,0,0,0,0,0,0,0,0,0,0,0,0,0
53,Weighted-stability-ball-side-bend,Internal-and-External-Obliques,null,Isolation,Pull,Back,1,0,1,0,1,0,0,0,0,0,0,0,0,0,0,0,0,0,0,0,0,0,0,0,0,0,0,0,0,0,0,0,0,0,0,0,0,0,0,0,0,0,0,0,1,1,1,1,0,0,0,0,0,0,0
54,Superman-push-up,"Latissimus-Dorsi,-Sternal-(Lower)-Pectoralis-Major,-Rectus-Abdominis",null,Isolation,Pull,Back,0,0,0,0,0,0,0,0,0,0,0,1,0,0,0,0,0,0,0,0,0,0,0,0,0,0,1,0,0,0,0,0,0,0,0,0,0,0,0,0,0,0,1,0,0,0,0,0,0,0,0,0,0,0,0
55,Lying-single-straight-leg-hip-extension,Hamstrings,null,Isolation,Push,Back,1,1,0,0,0,0,0,0,0,0,0,0,0,0,0,0,0,0,0,0,0,0,0,0,0,0,0,0,0,0,0,0,0,0,0,0,0,1,0,0,1,0,0,0,0,0,0,0,0,0,0,0,0,0,0
56,Barbell-split-squat,Quadriceps,"Hamstrings,-Gastrocnemius",Compound,Push,Legs-and-Glutes,1,0,0,1,0,0,0,0,0,0,0,0,0,0,0,0,0,0,0,0,0,0,0,0,0,0,0,0,0,0,0,0,0,0,0,0,0,1,0,0,1,0,0,0,0,0,0,0,1,0,0,0,0,0,0
57,Lunge,"Vastus-lateralis,-Vastus-intermedius-(deep),-Rectus-femoris,-Vastus-medialis","Gastrocnemius,-medial-head,-Gastrocnemius,-lateral-head,-Biceps-femoris,--Semitendinosus,-Semimembranosus",Compound,Push,Legs-and-Glutes,0,0,0,0,0,0,0,0,0,0,0,0,0,0,0,0,0,0,0,0,0,0,0,0,0,0,0,0,0,0,0,0,0,0,0,0,0,1,0,0,1,0,0,0,0,0,0,0,1,0,0,0,0,0,0
58,Stability-ball-leg-curl,Hamstrings,null,Isolation,Pull,Legs-and-Glutes,1,0,0,0,1,0,0,0,0,0,0,0,0,1,0,0,0,0,0,0,0,0,0,0,0,0,0,0,0,0,0,0,0,0,0,0,0,0,1,0,0,0,0,0,0,0,0,0,0,1,1,0,0,0,0
59,Side-plank-hip-abduction,"Tensor-Fasciae-Latae,-Gluteus-Medius,-Gluteus-Minimus",null,Compound,Push,Legs-and-Glutes,0,0,0,0,0,0,0,0,0,0,0,0,0,0,0,0,0,0,0,0,0,0,0,0,0,0,0,0,0,0,1,0,0,0,0,0,0,0,0,0,0,0,0,0,1,1,1,1,0,0,0,0,0,0,0
60,Jump-squat,Quadriceps,"Hamstrings,-Gastrocnemius",Compound,Push,Legs-and-Glutes,0,0,0,0,0,0,0,0,0,0,0,0,0,0,0,0,0,0,0,0,0,0,0,0,0,0,0,0,0,0,0,0,0,0,0,0,0,1,0,0,1,0,0,0,0,0,0,0,1,0,0,0,0,0,0
61,Dumbbell-forward-leaning-lunge,"Gluteus-Maximus,-Quadriceps","Hamstrings,-Gastrocnemius",Compound,Push,Legs-and-Glutes,1,0,1,0,0,0,0,0,0,0,0,0,0,0,0,0,0,0,0,0,0,0,0,0,0,0,0,0,0,0,0,0,0,0,0,0,0,1,0,0,0,0,0,0,0,0,0,0,1,0,0,0,0,0,0
62,Bicycle-crunch,Rectus-Abdominis,Rectus-Femoris,Compound,Pull,Legs-and-Glutes,0,0,0,0,0,0,0,0,0,0,0,0,1,1,1,1,1,0,1,0,0,0,0,0,0,0,0,0,0,0,0,0,0,0,0,0,0,0,0,1,0,0,0,0,0,0,0,0,0,0,0,0,0,0,0
63,Bodyweight-sumo-squat,Quadriceps,"Hamstrings,-Gastrocnemius",Compound,Push,Legs-and-Glutes,0,0,0,0,0,0,0,0,0,0,0,0,0,0,1,1,1,0,0,0,0,0,0,0,0,0,0,0,0,0,0,0,0,0,0,0,0,1,1,0,1,0,0,0,0,0,0,0,1,0,0,0,0,0,0
64,Lying-alternating-straight-leg-raise,Iliopsoas,Rectus-Femoris,Isolation,Pull,Legs-and-Glutes,0,0,0,0,0,0,0,0,0,0,0,0,1,1,1,1,1,0,0,0,0,0,0,0,0,0,0,0,0,0,0,0,0,0,0,0,0,0,0,0,0,0,0,0,0,0,0,0,0,0,0,0,0,0,0
65,Hip-thrust,Gluteus-Maximus,Hamstrings,Isolation,Push,Legs-and-Glutes,1,1,0,0,0,0,0,0,0,0,0,0,0,0,0,0,0,0,0,0,1,0,0,0,0,0,0,0,0,0,0,0,0,0,0,0,0,0,0,0,0,0,0,0,0,0,0,0,0,0,0,0,0,0,0
66,Step-up,Quadriceps,Hamstrings,Compound,Push,Legs-and-Glutes,1,1,0,0,0,0,0,0,0,0,0,0,0,0,0,0,0,0,0,0,0,0,0,0,0,0,0,0,0,0,0,0,0,0,0,0,0,1,0,0,1,0,0,0,0,0,0,0,1,1,0,0,0,0,0
67,Decline-dumbbell-bench-press,Lower-Pectoralis-Major,Biceps-Brachii,Compound,Push,chest,1,0,1,0,0,0,0,0,0,1,1,1,0,0,0,0,0,0,0,0,0,0,0,0,0,0,0,0,0,0,0,0,0,0,0,0,0,0,0,0,0,0,0,0,0,0,0,0,0,0,0,0,0,0,0
68,Incline-cable-bench-press,Upper-Pectoralis-Major,Biceps-Brachii,Compound,Push,chest,1,0,0,0,0,0,0,1,0,0,1,1,0,0,0,0,0,0,0,0,0,0,0,0,0,0,0,0,0,0,0,0,0,0,0,0,0,0,0,0,0,0,0,0,0,0,0,0,0,0,0,0,0,0,0
69,Machine-assisted-triceps-dip,Triceps-Brachii,Biceps-Brachii,Compound,Push,chest,1,0,0,0,0,1,0,0,1,1,1,0,0,0,0,0,0,0,0,0,0,0,1,1,1,0,0,0,0,0,0,0,0,0,0,0,0,0,0,0,0,0,0,0,0,0,0,0,0,0,0,0,0,0,0
70,Bent-knee-bench-dip,Triceps-Brachii,Biceps-Brachii,Compound,Push,chest,0,0,0,0,0,0,0,0,1,1,1,0,0,0,0,0,0,0,0,0,0,0,1,1,1,1,0,0,0,0,0,0,0,0,0,0,0,0,0,0,0,0,0,1,0,0,0,0,0,0,0,0,0,0,0
71,Lying-cable-fly,Lower-Pectoralis-Major,null,Isolation,Push,chest,1,0,0,0,0,0,0,1,0,1,1,0,0,0,0,0,0,0,0,0,0,0,0,0,0,0,0,1,0,0,0,0,0,0,0,0,0,0,0,0,0,0,0,0,0,0,0,0,0,0,0,0,0,0,0
72,Shoulder-tap-push-up,Lower-Pectoralis-Major,Biceps-Brachii,Compound,Push,chest,0,0,0,0,0,0,0,0,0,1,1,1,0,0,0,0,0,0,0,0,0,1,0,0,0,0,0,0,0,0,1,1,0,0,0,0,0,0,0,0,0,0,0,0,0,0,0,0,0,0,0,0,0,0,0
73,Incline-dumbbell-fly,Upper-Pectoralis-Major,null,Isolation,Push,chest,1,0,1,0,0,0,0,0,0,0,1,0,0,0,0,0,0,0,0,0,0,0,0,0,0,0,0,1,0,0,0,0,0,0,0,0,0,0,0,0,0,0,0,0,0,0,0,0,0,0,0,0,0,0,0
74,Spiderman-push-up,Lower-Pectoralis-Major,Biceps-Brachii,Compound,Push,chest,0,0,0,0,0,0,0,0,0,1,1,1,1,0,0,0,0,0,1,1,0,0,0,0,0,0,0,0,0,0,0,0,0,0,0,0,0,0,0,0,1,0,0,0,0,0,0,0,0,0,0,1,1,0,0
75,Barbell-JM-press,Triceps-Brachii,Biceps-Brachii,Compound,Push,chest,1,0,0,1,0,0,0,0,1,1,1,0,0,0,0,0,0,0,0,0,0,0,0,0,0,0,0,0,0,0,0,0,0,0,0,0,0,0,0,0,0,0,0,0,0,0,0,0,0,0,0,0,0,0,0
76,Smith-machine-incline-bench-press,Upper-Pectoralis-Major,Biceps-Brachii,Compound,Push,chest,1,0,0,1,0,0,0,0,0,0,1,1,0,0,0,0,0,0,0,0,0,0,0,0,0,0,0,0,0,0,0,0,0,0,0,0,0,0,0,0,0,0,0,0,0,0,0,0,0,0,0,0,0,0,0
77,Incline-push-up,Lower-Pectoralis-Major,Biceps-Brachii,Compound,Push,chest,0,0,0,0,0,0,0,0,0,1,1,1,0,0,0,0,0,0,0,0,0,0,0,0,0,0,0,0,0,0,0,0,0,0,0,0,0,0,0,0,0,0,0,0,0,0,0,0,0,0,0,0,0,0,0
78,Side-push-up,Lower-Pectoralis-Major,null,Compound,Push,chest,0,0,0,0,0,0,0,0,0,1,1,1,0,0,0,0,0,0,0,0,0,1,0,0,0,0,0,0,0,0,0,0,0,0,0,0,0,0,0,0,0,0,0,0,0,0,0,0,0,0,0,0,0,0,0
79,Incline-dumbbell-press-on-a-stability-ball,Upper-Pectoralis-Major,Biceps-Brachii,Compound,Push,chest,1,0,1,0,1,0,0,0,0,0,1,1,0,0,0,0,0,0,0,0,0,0,0,0,0,0,0,0,0,0,0,0,0,0,0,0,0,0,0,0,0,0,0,0,0,0,0,0,0,0,0,0,0,0,0
80,Wide-reverse-grip-barbell-bench-press,Upper-Pectoralis-Major,Biceps-Brachii,Compound,Push,chest,1,0,0,1,0,0,0,0,1,0,1,1,0,0,0,0,0,0,0,0,0,0,0,0,0,0,0,0,0,0,0,0,0,0,0,0,0,0,0,0,0,0,0,0,0,0,0,0,0,0,0,0,0,0,0
81,Dumbbell-fly-on-a-stability-ball,Lower-Pectoralis-Major,null,Isolation,Push,chest,1,0,1,0,1,0,0,0,0,0,0,0,0,0,0,0,0,0,0,0,0,0,0,0,0,0,0,0,0,0,0,0,0,0,0,0,0,0,0,0,0,0,0,0,0,0,0,0,0,0,0,0,0,0,0
82,Dumbbell-fly,Lower-Pectoralis-Major,null,Isolation,Push,chest,1,0,1,0,0,0,0,0,0,0,0,0,0,0,0,0,0,0,0,0,0,0,0,0,0,0,0,0,0,0,0,0,0,0,0,0,0,0,0,0,0,0,0,0,0,0,0,0,0,0,0,0,0,0,0
83,Incline-dumbbell-bench-press,Upper-Pectoralis-Major,Biceps-Brachii,Compound,Push,chest,1,0,1,0,0,0,0,0,0,0,1,1,0,0,0,0,0,0,0,0,0,0,0,0,0,0,0,0,0,0,0,0,0,0,0,0,0,0,0,0,0,0,0,0,0,0,0,0,0,0,0,0,0,0,0
84,Cable-side-bend,Internal-and-External-Obliques,null,Isolation,Pull,core,1,0,0,0,0,0,0,1,0,0,0,0,0,0,0,0,0,0,0,0,0,0,0,0,0,0,0,0,0,0,0,0,0,0,0,0,0,0,0,0,0,0,0,0,1,1,1,1,0,0,0,0,0,0,0
85,Frog-crunch,Rectus-Abdominis,null,Isolation,Pull,core,0,0,0,0,0,0,0,0,0,0,0,0,0,0,0,0,0,0,0,0,0,0,0,0,0,0,0,0,0,0,1,0,0,0,0,0,0,0,0,0,0,0,0,0,0,0,0,0,0,0,0,0,0,0,0
86,Crunch-with-stability-ball-leg-raise,"Rectus-Abdominis,-Iliopsoas",Rectus-Femoris,Compound,Pull,core,1,0,0,0,1,0,0,0,0,0,0,0,0,1,0,0,0,0,0,0,0,0,0,0,0,0,0,0,0,0,1,0,0,0,0,0,0,0,0,0,0,0,0,0,0,0,0,0,0,0,0,0,0,0,0
87,Seated-cable-cross-Arm-twist,Internal-and-External-Obliques,null,Isolation,Pull,core,1,0,0,0,0,0,0,1,0,0,0,0,0,0,0,0,0,0,0,0,0,0,0,0,0,0,0,0,0,0,0,0,0,0,0,0,0,0,0,0,0,0,0,0,1,1,1,1,0,0,0,0,0,0,0
88,Cable-Russian-twist-on-a-stability-ball,Internal-and-External-Obliques,null,Isolation,Pull,core,1,0,0,0,1,0,0,1,0,0,0,0,0,0,0,0,0,0,0,0,0,0,0,0,0,0,0,0,0,0,0,0,0,0,0,0,0,0,0,0,0,0,0,0,1,1,1,1,0,0,0,0,0,0,0
89,Captainâ€™s-chair-straight-leg-raise,Iliopsoas,null,Isolation,Pull,core,1,0,0,0,0,0,0,0,0,0,0,0,1,1,1,1,1,0,0,1,0,0,0,0,0,0,0,0,0,0,0,0,0,0,0,0,0,0,0,0,0,0,0,0,0,0,0,0,0,0,0,0,0,0,0
90,Seated-dumbbell-one-Arm-shoulder-press,Anterior-Deltoid,null,Compound,Push,Shoulders,1,0,1,0,0,0,0,0,0,1,0,1,0,0,0,0,0,0,0,0,0,1,0,0,0,0,0,0,0,0,0,0,0,0,1,1,0,0,0,1,0,0,0,0,0,1,1,1,0,0,0,0,0,0,0
91,Elevated-pike-press,Anterior-Deltoid,Biceps-Brachii,Compound,Push,Shoulders,1,1,0,0,0,0,0,0,0,1,0,1,0,0,0,0,0,0,0,0,0,1,0,0,0,0,0,0,0,0,0,0,0,0,1,1,0,0,0,0,0,0,0,0,0,0,0,0,0,0,0,0,0,0,0
92,Pike-press,Anterior-Deltoid,Biceps-Brachii,Compound,Push,Shoulders,1,1,0,0,0,0,0,0,0,1,0,1,0,0,0,0,0,0,0,0,0,1,0,0,0,0,0,0,0,0,0,0,0,0,1,1,0,0,0,0,0,0,0,0,0,0,0,0,0,0,0,0,0,0,0
93,Bent-knee-inverted-rear-delt-row,Posterior-Deltoid,Biceps-Brachii,Compound,Pull,Shoulders,1,0,0,1,0,0,0,0,0,0,0,0,0,0,0,0,0,0,0,0,0,0,0,0,1,0,1,0,1,1,0,0,1,0,0,1,0,0,0,0,0,0,0,0,0,0,0,0,0,0,0,0,0,0,0
94,Barbell-front-raise,Anterior-Deltoid,null,Isolation,Push,Shoulders,1,0,0,1,0,0,0,0,0,1,0,0,0,0,0,0,0,0,0,0,0,1,0,0,0,0,0,0,0,0,0,0,0,0,1,1,0,0,0,0,0,0,0,0,0,0,0,0,0,0,0,0,0,0,0
95,Cable-Y-raise,Lateral-Deltoid,null,Isolation,Pull,Shoulders,1,0,0,0,0,0,0,1,0,0,1,0,0,0,0,0,0,0,0,0,0,1,0,0,0,0,0,0,0,0,0,0,1,1,0,1,0,0,0,0,0,1,1,0,0,0,0,0,0,0,0,0,0,0,0
96,Smith-machine-upright-row,Lateral-Deltoid,null,Compound,Pull,Shoulders,1,0,0,1,0,0,0,0,0,0,1,0,0,0,0,0,0,0,0,0,0,1,0,0,0,0,0,1,1,1,0,0,1,1,0,1,0,0,0,0,0,0,0,0,0,0,0,0,0,0,0,0,0,0,0
97,Seated-Smith-machine-behind-the-neck-shoulder-press,Anterior-Deltoid,null,Compound,Push,Shoulders,1,0,0,1,0,0,0,0,0,0,0,1,0,0,0,0,0,0,0,0,0,1,0,0,0,0,0,0,0,0,0,0,0,1,0,1,0,0,0,0,0,1,0,0,0,0,0,0,0,0,0,0,0,0,0
98,Dumbbell-one-Arm-lateral-raise,Lateral-Deltoid,null,Isolation,Pull,Shoulders,1,0,1,0,0,0,0,0,0,0,1,0,0,0,0,0,0,0,0,0,0,1,0,0,0,0,0,0,0,0,0,0,0,0,0,1,0,0,0,0,0,1,0,0,0,0,0,0,0,0,0,0,0,0,0
99,Leaning-dumbbell-lateral-raise,Lateral-Deltoid,null,Isolation,Pull,Shoulders,1,0,1,0,0,0,0,1,0,0,1,0,0,0,0,0,0,0,0,0,0,1,0,0,0,0,0,0,0,0,0,0,0,0,0,1,0,0,0,0,0,1,0,0,0,0,0,0,0,0,0,0,0,0,0
100,Dumbbell-Scott-press,Lateral-Deltoid,null,Isolation,Pull,Shoulders,1,0,1,0,0,0,0,0,0,0,1,0,0,0,0,0,0,0,0,0,0,1,0,0,0,0,0,0,0,0,0,0,1,1,0,1,0,0,0,0,0,1,1,0,0,0,0,0,0,0,0,0,0,0,0
101,Smith-machine-shoulder-press,Anterior-Deltoid,"Biceps-Brachii,-Triceps-Brachii-(long-head)",Compound,Push,Shoulders,1,0,0,1,0,0,0,0,0,1,0,1,0,0,0,0,0,0,0,0,0,1,0,0,0,0,0,0,0,0,0,0,0,0,1,1,0,0,0,0,0,0,0,0,0,0,0,0,0,0,0,0,0,0,0
102,Seated-elbows-in-alternating-dumbbell-overhead-press,Anterior-Deltoid,"Biceps-Brachii,-Triceps-Brachii-(long-head)",Compound,Push,Shoulders,1,0,1,0,0,0,0,0,0,1,0,1,0,0,0,0,0,0,0,0,0,1,0,0,0,0,0,0,0,0,1,0,0,0,1,1,0,0,0,0,0,0,0,0,0,1,1,1,0,0,0,0,0,0,0
103,Standing-cable-rear-delt-row-with-rope,Posterior-Deltoid,Biceps-Brachii,Compound,Push,Shoulders,1,0,0,0,0,0,0,1,0,0,0,0,0,0,0,0,0,0,0,0,0,0,0,0,1,0,0,0,1,1,0,0,1,1,1,1,0,0,0,0,0,0,0,0,0,0,0,0,0,0,0,0,0,0,0
104,Double-cable-front-raise,Anterior-Deltoid,null,Isolation,Push,Shoulders,1,0,0,0,0,0,0,1,0,1,0,0,0,0,0,0,0,0,0,0,0,1,0,0,0,0,0,0,0,0,0,0,0,0,1,1,0,0,0,0,0,0,0,0,0,0,0,0,0,0,0,0,0,0,0
105,One-Arm-reverse-dumbbell-fly,Posterior-Deltoid,null,Isolation,Pull,Shoulders,1,0,1,0,0,0,0,0,0,0,0,0,0,0,0,0,0,0,0,0,0,0,0,0,1,0,0,0,0,0,0,0,1,1,1,1,0,0,0,0,0,0,0,0,0,0,0,0,0,0,0,0,0,0,0
106,Seated-alternating-dumbbell-curl,Biceps-Brachii,null,Isolation,Pull,Arm,1,0,1,0,0,0,0,0,0,0,0,0,0,0,0,0,0,0,0,0,0,0,0,0,0,0,0,0,1,1,0,0,0,0,0,0,0,0,0,0,0,0,0,0,0,0,0,0,0,0,0,0,0,0,0
107,Underhand-grip-inverted-row,back-in-general,"Biceps-Brachii,-Triceps-Brachii-(long-head)",Compound,Pull,"Back,Arm",1,0,0,1,0,0,0,0,1,0,0,0,0,0,0,0,0,0,0,0,0,0,1,0,1,0,1,0,1,1,0,0,1,1,0,1,0,0,0,0,0,0,1,0,0,0,0,0,0,0,0,0,0,0,0
108,Barbell-underhand-grip-bent-over-row,back-in-general,"Biceps-Brachii,-Triceps-Brachii-(long-head)",Compound,Pull,"Back,Arm",1,0,0,1,0,0,0,0,1,0,0,0,0,0,0,0,0,0,0,0,0,0,1,0,1,0,1,0,1,1,0,0,1,1,0,1,0,0,0,0,0,0,1,0,0,0,0,0,0,0,0,0,0,0,0
109,Seated-barbell-bent-knee-good-morning,Gluteus-Maximus,null,Isolation,Pull,Back,1,0,0,1,0,0,0,0,0,0,0,0,0,0,0,0,0,0,0,0,0,0,0,0,0,0,0,0,0,0,0,0,0,0,0,0,1,1,0,0,0,0,0,0,0,0,0,0,0,0,0,0,0,0,0
110,Dumbbell-straight-leg-deadlift,Hamstrings,null,Compound,Pull,Back,1,0,1,0,0,0,0,0,0,0,0,0,0,0,0,0,0,0,0,0,0,0,0,0,0,0,0,0,0,0,0,0,0,0,0,0,0,1,0,0,1,0,0,0,0,0,0,0,0,0,0,0,0,0,0
111,Dumbbell-suitcase-carry,Upper-Trapezius,null,Isolation,Pull,Back,1,0,0,1,0,0,0,0,0,1,1,1,0,0,0,0,0,0,0,0,0,0,0,0,0,0,0,0,0,0,0,0,0,0,1,0,0,0,0,0,0,0,0,0,0,0,0,0,0,0,0,0,0,0,0
112,Barbell-sumo-Romanian-deadlift,"Gluteus-Maximus,-Erector-Spinae","Hamstrings,-Gastrocnemius",Compound,Pull,Back,1,0,0,1,0,0,0,0,0,0,0,0,0,0,0,0,0,0,0,0,1,0,1,0,0,0,0,0,0,0,0,0,0,0,0,0,0,1,0,0,0,0,0,0,0,0,0,0,1,0,0,0,0,0,0
113,Barbell-bent-knee-good-morning,Gluteus-Maximus,null,Isolation,Pull,Back,1,0,0,1,0,0,0,0,0,0,0,0,0,0,0,0,0,0,0,0,1,0,0,0,0,0,0,0,0,0,0,0,0,0,0,0,1,1,0,0,0,0,0,0,0,0,0,0,0,0,0,0,0,0,0
114,Barbell-good-morning,Hamstrings,null,Isolation,Pull,Back,1,0,0,1,0,0,0,0,0,0,0,0,0,0,0,0,0,0,0,0,0,0,0,0,0,0,0,0,0,0,0,0,0,0,0,0,0,1,0,0,1,0,0,0,0,0,0,0,0,0,0,0,0,0,0
115,Smith-machine-shrug,Upper-Trapezius,null,Isolation,Pull,Back,1,0,0,1,0,0,0,0,0,0,0,0,0,0,0,0,0,0,0,0,0,0,0,0,0,1,0,0,0,0,0,0,0,0,0,1,0,0,0,0,0,0,0,0,0,0,0,0,0,0,0,0,0,0,0
116,Smith-machine-Yates-row,back-in-general,"Biceps-Brachii,-Triceps-Brachii-(long-head)",Compound,Pull,Back,1,0,0,1,0,0,0,0,1,0,0,0,0,0,0,0,0,0,0,0,0,0,1,0,1,0,1,0,1,1,0,0,1,1,0,1,0,0,0,0,0,0,1,1,0,0,0,0,0,0,0,0,0,0,0
117,Machine-front-pull-down,Latissimus-Dorsi,Triceps-Brachii-(long-head),Compound,Pull,"Back,Arm",1,0,0,0,0,0,0,1,0,0,0,0,0,0,0,0,0,0,0,0,0,0,0,1,1,1,1,1,1,1,0,0,1,1,0,1,0,0,0,0,0,0,1,0,0,0,0,0,0,0,0,0,0,0,0
118,Standing-cable-row,back-in-general,"Biceps-Brachii,-Triceps-Brachii-(long-head)",Compound,Pull,Back,1,0,0,0,0,0,0,1,1,0,0,0,0,0,0,0,0,0,0,0,0,0,1,0,1,0,1,0,1,1,0,0,1,1,0,1,0,0,0,0,0,0,1,0,0,0,0,0,0,0,0,0,0,0,0
119,Rope-lat-pull-down,Latissimus-Dorsi,"Biceps-Brachii,-Triceps-Brachii-(long-head)",Compound,Pull,"Back,Arm",1,0,0,0,0,0,0,1,1,0,0,0,0,0,0,0,0,0,0,0,0,0,0,1,1,1,1,0,1,1,0,0,0,0,0,1,0,0,0,0,0,0,1,0,0,0,0,0,0,0,0,0,0,0,0
120,Lying-reverse-dumbbell-fly,Posterior-Deltoid,null,Isolation,Pull,Back,1,0,1,0,0,0,0,0,0,0,0,0,0,0,0,0,0,0,0,0,0,0,0,0,1,0,0,0,0,0,0,0,1,1,1,1,0,0,0,0,0,0,0,0,0,0,0,0,0,0,0,0,0,0,0
121,Machine-triceps-dip,Triceps-Brachii,null,Compound,Push,Arm,1,0,0,0,0,1,0,0,1,1,1,0,0,0,0,0,0,0,0,0,0,0,1,1,1,1,0,0,0,0,0,0,0,0,0,0,0,0,0,0,0,0,0,0,0,0,0,0,0,0,0,0,0,0,0
122,Barbell-drag-curl,Biceps-Brachii,null,Isolation,Pull,Arm,1,0,0,1,0,0,0,0,0,0,0,0,0,0,0,0,0,0,0,0,0,0,0,0,0,0,0,0,1,1,0,0,0,0,0,0,0,0,0,0,0,0,1,0,0,0,0,0,0,0,0,0,0,0,0
123,Lying-dumbbell-supination,Supinator,null,Isolation,Pull,Arm,1,0,1,0,0,0,0,0,0,0,0,0,0,0,0,0,0,0,0,0,0,0,0,0,0,0,0,1,0,0,0,0,0,0,0,0,0,0,0,0,0,0,0,0,0,0,0,0,0,0,0,0,0,0,0
124,Lying-dumbbell-pronation,Pronators-,null,Isolation,Push,Arm,1,0,1,0,0,0,0,0,0,0,0,0,0,0,0,0,0,0,0,0,0,0,0,0,0,0,0,0,0,0,0,0,0,0,0,0,0,0,0,0,0,0,0,0,0,0,0,0,0,0,0,0,0,1,1
125,Dumbbell-preacher-curl,Brachialis,null,Isolation,Pull,Arm,1,0,1,0,0,0,0,0,0,0,0,0,0,0,0,0,0,0,0,0,0,0,0,0,0,0,0,1,0,1,0,0,0,0,0,0,0,0,0,0,0,0,0,0,0,0,0,0,0,0,0,0,0,0,0
126,Smith-machine-JM-press,Triceps-Brachii,Biceps-Brachii-(short-head),Compound,Push,Arm,1,0,0,1,0,0,0,0,1,1,1,0,0,0,0,0,0,0,0,0,0,0,0,0,0,0,0,0,0,0,0,0,0,0,0,0,0,0,0,0,0,0,0,0,0,0,0,0,0,0,0,0,0,0,0
